block,bcv,timestamp
4837871,178,1632594918
4838547,176,1632596331
4838553,174,1632596344
4838822,172,1632596913
4839228,170,1632597774
5099326,174,1633136809
5112008,178,1633162925
5121079,182,1633181615
5128733,186,1633197420
5140011,190,1633220629
5205761,191,1633355790
5216886,192,1633378404
5234532,193,1633414475
5246941,194,1633440733
5256707,195,1633460617
5423828,196,1633800305
5433166,197,1633819358
5442559,198,1633838457
5451070,199,1633855813
5459725,200,1633873369
5632354,201,1634229373
5642362,202,1634250147
5650849,203,1634267913
5659140,204,1634285265
5667432,205,1634302793
5675789,206,1634320134
5684182,207,1634337791
5693371,208,1634356916
5702130,209,1634375163
5710866,210,1634393367
5982185,211,1634952298
5991542,212,1634971160
6000298,213,1634988930
6009006,214,1635006540
6019404,215,1635027621
6028485,216,1635046052
6038443,217,1635066271
6047256,218,1635084035
6067272,220,1635124547
